{
    "total_runtime": 395.0541262626648,
    "num_documents": 1,
    "input_load_time": 0,
    "workflows": {
        "create_base_text_units": {
            "overall": 0.016762971878051758
        },
        "create_final_documents": {
            "overall": 0.011596918106079102
        },
        "extract_graph": {
            "overall": 239.3360869884491
        },
        "finalize_graph": {
            "overall": 3.2762818336486816
        },
        "extract_covariates": {
            "overall": 112.42511415481567
        },
        "create_communities": {
            "overall": 0.035494089126586914
        },
        "create_final_text_units": {
            "overall": 0.027675867080688477
        },
        "create_community_reports": {
            "overall": 36.194828033447266
        },
        "generate_text_embeddings": {
            "overall": 3.6805548667907715
        }
    }
}