{
    "total_runtime": 57.08905506134033,
    "num_documents": 1,
    "input_load_time": 0,
    "workflows": {
        "create_base_text_units": {
            "overall": 0.033347129821777344
        },
        "create_final_documents": {
            "overall": 0.012485027313232422
        },
        "extract_graph": {
            "overall": 46.12086081504822
        },
        "finalize_graph": {
            "overall": 0.029829978942871094
        },
        "create_communities": {
            "overall": 0.022166013717651367
        },
        "create_final_text_units": {
            "overall": 0.019067764282226562
        },
        "create_community_reports": {
            "overall": 6.601230144500732
        },
        "generate_text_embeddings": {
            "overall": 4.192999839782715
        }
    }
}