{
    "total_runtime": 68.8005678653717,
    "num_documents": 1,
    "input_load_time": 0,
    "workflows": {
        "create_base_text_units": {
            "overall": 0.13260984420776367
        },
        "create_final_documents": {
            "overall": 0.0636448860168457
        },
        "extract_graph": {
            "overall": 38.48271703720093
        },
        "finalize_graph": {
            "overall": 0.14161014556884766
        },
        "create_communities": {
            "overall": 0.06282615661621094
        },
        "create_final_text_units": {
            "overall": 0.02325296401977539
        },
        "create_community_reports": {
            "overall": 23.441070795059204
        },
        "generate_text_embeddings": {
            "overall": 6.292866230010986
        }
    }
}